6434,2018-12-27 13:06:13,186,995543303675,87.190.148.217
6434,2018-12-27 13:57:38,280,27564577728,41.77.56.40
6434,2018-12-27 14:13:10,212,995947425447,218.99.136.57
6434,2018-12-27 14:35:08,33,387239397337,87.190.148.217
,,,,
,,,,
,,,,
,,,,
,,,,
,,,,
,,,,
,,,,
,,,,
,,,,
,,,,
,,,,
,,,,
,,,,
,,,,
,,,,
,,,,
,,,,
,,,,
,,,,
,,,,
,,,,
,,,,
,,,,
,,,,
,,,,
,,,,
,,,,
,,,,
,,,,
,,,,
,,,,
,,,,
,,,,
,,,,
,,,,
,,,,
,,,,
,,,,
,,,,
,,,,
,,,,
,,,,
,,,,
,,,,
,,,,
,,,,
,,,,
,,,,
,,,,
,,,,
6434,2018-12-29 23:47:26,188,590117156266,20.12.165.244
6434,2018-12-29 23:57:36,49,39329464974,216.165.48.137
8432,2018-12-30 00:56:19,217,223360861590,116.52.75.78
8432,2018-12-30 01:36:36,132,52429034500,216.165.48.137
7345,2018-12-30 02:36:25,18,44170322195,20.12.165.244
6434,2018-12-30 03:17:00,282,250521953795,112.125.168.89
7345,2018-12-30 03:19:31,161,590438873544,216.165.48.137
8432,2018-12-30 04:40:58,145,27769092287,37.35.105.218
8432,2018-12-30 06:05:27,95,52952534416,41.77.56.40
8432,2018-12-30 06:14:28,68,39857186086,216.165.48.137
8432,2018-12-30 06:34:12,42,590514559129,216.165.48.137
8432,2018-12-30 06:35:26,73,223627046375,37.35.105.218
1273,2018-12-30 14:24:17,187,43772765656,145.81.57.99
1273,2018-12-30 17:29:39,137,994232892663,91.112.216.215
1273,2018-12-30 17:37:03,244,86500370286,20.12.165.244
1273,2018-12-30 17:42:12,124,590997143482,63.81.174.152
1273,2018-12-30 18:25:26,262,44414307935,116.52.75.78
1273,2018-12-30 18:52:55,278,93794484793,216.165.48.137
1273,2018-12-30 19:00:08,37,27618824543,116.52.75.78
1273,2018-12-30 19:10:29,119,250714578083,41.77.56.40
7345,2018-12-30 19:13:42,255,359126239805,20.12.165.244
1273,2018-12-30 19:31:56,88,93294294130,112.125.168.89
7345,2018-12-30 21:36:17,193,27944524217,41.77.56.40
1273,2018-12-31 00:26:27,118,93441348442,218.99.136.57
7345,2018-12-31 00:39:50,33,375529264333,20.12.165.244
1273,2018-12-31 00:42:13,163,39181566966,216.165.48.137
7345,2018-12-31 01:50:27,290,52858290904,112.125.168.89
1273,2018-12-31 01:58:02,248,44766919731,20.12.165.244
1273,2018-12-31 03:20:43,84,994192289653,218.99.136.57
1273,2018-12-31 04:01:04,132,93949913396,218.99.136.57
7345,2018-12-31 05:26:08,104,1690352797,63.81.174.152
1273,2018-12-31 05:27:09,196,93527155344,20.12.165.244
1273,2018-12-31 06:13:32,202,86320312604,218.99.136.57
1273,2018-12-31 12:21:25,240,86337415533,91.112.216.215
7232,2018-12-31 12:39:10,151,27103356699,37.35.105.218
7345,2018-12-31 13:26:57,9,39924462120,87.190.148.217
7232,2018-12-31 15:13:00,263,52810795470,145.81.57.99
1273,2018-12-31 15:29:48,122,86749522821,87.190.148.217
1273,2018-12-31 15:35:33,248,1768036761,91.112.216.215
1536,2018-12-31 17:12:24,191,52228169542,20.12.165.244
1536,2018-12-31 17:57:11,66,52955780322,63.81.174.152
7232,2018-12-31 18:13:59,212,590160505136,37.35.105.218
1536,2018-12-31 18:57:09,258,223254793372,116.52.75.78
1273,2018-12-31 19:14:43,218,359602775053,20.12.165.244
1536,2018-12-31 21:05:14,273,27633150618,37.35.105.218
